Quantity,x_L,Mean,StdDev,HalfP2P,Min,Max
Cd,NaN,0.615908758093535,0.00353801781844505,0.00739727477843982,0.609829122632451,0.624623672189331
Cp_t1,0.05,-0.995764083530179,0.000233058585735921,0.000460386276245117,-0.996289670467377,-0.995368897914886
Cp_t2,0.13,-0.656080918525582,0.000129267281642979,0.000253111124038696,-0.65633237361908,-0.655826151371002
Cp_t3,0.32,-0.167670089584678,0.000100360036173283,0.000288344919681549,-0.167856618762016,-0.167279928922653
Cp_t4,0.55,-0.168752945403555,0.000499308151930588,0.00107462704181674,-0.169405102729797,-0.167255848646164
Cp_t5,0.72,-0.344957597368392,0.00423855944132486,0.0090101957321167,-0.351746052503586,-0.333725661039352
Cp_t6,0.82,-0.62877532231867,0.0175131276961514,0.0375339686870575,-0.657627403736115,-0.582559466362
Cp_t7,0.9,-0.432018324213835,0.0242054153051785,0.0431871116161347,-0.476466536521912,-0.390092313289642
Cp_t8,0.96,-0.266560627453363,0.00920277747993192,0.0214997157454491,-0.286543667316437,-0.243544235825539
